{
	"numCoeffs" : 728, 
	"epoch1" : 625360.5,
	"epoch2" : 2816912.5,
	"title" : "JPL Planetary Ephemeris DE406\/DE406\nStart Epoch :  JED=   625360.5-3000 FEB 23 00 : 00 : 00\nFinal Epoch :  JED=  2816912.5 3000 MAY 06 00 : 00 : 00",
	"au" : 149597870.691,
	"DEnumber" : 406,
	"interval" : 64,
	"emrat" : 81.30056,
	"vars" : {
		"XD4" : 0.014481653059735,
		"YD4" : 0.0002424631177603,
		"ZD4" : -0.00028152073424801,
		"AM" : 1738,
		"LBET" : 0.00063161213421947,
		"Z7" : -0.25010348393738,
		"GM2" : 7.2434524861627e-10,
		"Y9" : -0.8724783554958,
		"YM" : -0.0019946300016204,
		"XM" : -0.00080817732791148,
		"ZM" : -0.0010872626608381,
		"YD5" : -0.0065181165657927,
		"XD5" : 0.0010920115430089,
		"LGAM" : 0.00022785831399776,
		"GM5" : 2.8253459095242e-07,
		"ZS" : 0.00026605680517703,
		"XS" : 0.0045025081562339,
		"ZD6" : 0.0019286465656538,
		"YD6" : 0.0043358098589553,
		"XD6" : -0.0032175552393033,
		"S41M" : 2.94743374914e-06,
		"AU" : 149597870.691,
		"CLIGHT" : 299792.458,
		"J4E" : -1.616e-06,
		"JDEPOC" : 2440400.5,
		"YD7" : -0.0037624759328466,
		"ZD7" : -0.001651014703068,
		"S43M" : -7.88967312839e-07,
		"GM7" : 1.292024916782e-08,
		"XD8" : 0.0026427710433669,
		"THTC" : 0.4088443,
		"YD8" : -0.0014983144553592,
		"ZD8" : -0.00067904190301796,
		"MGMIS" : 1,
		"YD9" : -0.003143570302152,
		"TDATEF" : 0,
		"S44M" : 5.6404155572e-08,
		"C32M" : 4.8798073627551e-06,
		"THT" : 0.38239065587686,
		"ASUN" : 696000,
		"GDOT" : 0,
		"ZD9" : -0.0010779488297393,
		"GM9" : 2.188699765426e-12,
		"RAD1" : 2439.76,
		"K2E2" : 0.3,
		"ZB" : -0.40154022080181,
		"XB" : 0.1205174172954,
		"YB" : -0.92583847893945,
		"S31M" : 4.2593286300303e-06,
		"Z2" : -0.19527828898023,
		"XDS" : -3.5174820964519e-07,
		"YDS" : 5.1776253995848e-06,
		"ZDS" : 2.2291018543917e-06,
		"ROTEX" : 0,
		"C41M" : -7.17780149806e-06,
		"X4" : -0.11018607428286,
		"PHI" : 0.0051299597051581,
		"Z4" : -0.6058891326142,
		"Y6" : 4.5964778016269,
		"K2M" : 0.029922116659705,
		"Z8" : -9.4001567235488,
		"J2M" : 0.00020431200665465,
		"Z6" : 1.5586975735303,
		"Y8" : -23.942181216179,
		"X6" : 7.8943924419791,
		"C43M" : -8.54788154819e-08,
		"OMGCX" : 0,
		"GMAST2" : 1.2774811891041e-14,
		"PSIDOT" : 0,
		"BETA" : 1,
		"YDB" : 0.0017483093133816,
		"GAMMA" : 1,
		"XDB" : 0.016811268303993,
		"ZDB" : 0.00075820286899054,
		"GMB" : 8.9970113467125e-10,
		"S42M" : -2.8843721272e-06,
		"OMEGAX" : 4.5247044990228e-05,
		"J4M" : -1.45383007072e-07,
		"DROTEY" : -0.001193,
		"ROTEY" : 0,
		"J2SUN" : 2e-07,
		"YDM" : -0.00016744546061515,
		"OMEGAZ" : 0.22994485870137,
		"YD1" : 0.024894520467649,
		"C31M" : 3.0803809783429e-05,
		"OMGCY" : -1.5816707e-06,
		"PSIC" : -1.714509,
		"PHIC" : -0.0042595183,
		"XD9" : 0.00032221044772359,
		"Z9" : 8.9115630409899,
		"GMAST3" : 3.3340587729603e-15,
		"GMAST1" : 6.4668254338426e-14,
		"TAUM" : 0.16671655584928,
		"DROTEX" : 0.000244,
		"TAUE2" : 0.0069417855840523,
		"J3E" : -2.533e-06,
		"TAUE0" : 0,
		"Y7" : -1.1619445055181,
		"ZD2" : 0.0063311055536011,
		"K2E0" : 0.34,
		"LENUM" : 406,
		"TAUE1" : 0.01290895939156,
		"C33M" : 1.7701764624348e-06,
		"J2E" : 0.001082626,
		"YS" : 0.00076707470093238,
		"RAD4" : 3397.515,
		"X8" : -16.055042583768,
		"C44M" : -1.5490389313e-07,
		"XD7" : 0.00022118841741777,
		"Y4" : -1.3275994561326,
		"XD1" : 0.0033674939139841,
		"MAD1" : 1.8,
		"ZD1" : 0.01294630068865,
		"GM4" : 9.5495351057793e-11,
		"X2" : 0.61275194134184,
		"GM1" : 4.9125474514508e-11,
		"MA0002" : 2.9591220828559e-14,
		"AE" : 6378.137,
		"GMS" : 0.00029591220828559,
		"Y2" : -0.34836536849497,
		"Y1" : -0.090781967729586,
		"KVC" : 0,
		"MA0001" : 1.3907873789423e-13,
		"CENTER" : 0,
		"OMGCZ" : 0.229888,
		"TDATEB" : 1.1997060422594e+16,
		"K2E1" : 0.3,
		"RAD2" : 6052.3,
		"XD2" : 0.010952068361699,
		"GM8" : 1.5243589007843e-08,
		"Z5" : -0.22482870022837,
		"X7" : -18.265398306822,
		"C22M" : 2.2517824391662e-05,
		"X1" : 0.36176271460351,
		"YD2" : 0.015617684365262,
		"Z1" : -0.085714983181763,
		"RE" : 6378.137,
		"MAD3" : 5,
		"X9" : -30.483319603999,
		"XDM" : 0.00060108481665913,
		"MAD2" : 2.4,
		"ZDM" : -8.5562144973986e-05,
		"IFAC" : 0.0003,
		"J3M" : 8.7854695077931e-06,
		"MA0004" : 3.8468587077127e-14,
		"PSI" : 1.2941422241103,
		"S33M" : -2.7097009665669e-07,
		"OMEGAY" : -2.2309276319874e-06,
		"EMRAT" : 81.30056,
		"GM6" : 8.4597151856807e-08,
		"C42M" : -1.43951838385e-06,
		"DENUM" : 406,
		"S32M" : 1.6955162680004e-06,
		"Y5" : -0.83048058146015,
		"X5" : -5.3797068988359,
		"ZD5" : -0.002820783165365
	},
	"objs" : [
		{"numSubIntervals" : 4,"numComponents" : 3,"offset" : 3,"name" : "Mercury","numCoeffs" : 14},
		{"numSubIntervals" : 1,"numComponents" : 3,"offset" : 171,"name" : "Venus","numCoeffs" : 12},
		{"numSubIntervals" : 2,"numComponents" : 3,"offset" : 207,"name" : "EM_Bary","numCoeffs" : 9},
		{"numSubIntervals" : 1,"numComponents" : 3,"offset" : 261,"name" : "Mars","numCoeffs" : 10},
		{"numSubIntervals" : 1,"numComponents" : 3,"offset" : 291,"name" : "Jupiter","numCoeffs" : 6},
		{"numSubIntervals" : 1,"numComponents" : 3,"offset" : 309,"name" : "Saturn","numCoeffs" : 6},
		{"numSubIntervals" : 1,"numComponents" : 3,"offset" : 327,"name" : "Uranus","numCoeffs" : 6},
		{"numSubIntervals" : 1,"numComponents" : 3,"offset" : 345,"name" : "Neptune","numCoeffs" : 6},
		{"numSubIntervals" : 1,"numComponents" : 3,"offset" : 363,"name" : "Pluto","numCoeffs" : 6},
		{"numSubIntervals" : 8,"numComponents" : 3,"offset" : 381,"name" : "GeoCMoon","numCoeffs" : 13},
		{"numSubIntervals" : 1,"numComponents" : 3,"offset" : 693,"name" : "Sun","numCoeffs" : 12},
		{"numSubIntervals" : 0,"numComponents" : 2,"offset" : 729,"name" : "Nutation","numCoeffs" : 0},
		{"numSubIntervals" : 0,"numComponents" : 3,"offset" : 729,"name" : "Libration","numCoeffs" : 0}
	]
}
